Scheduled time,Updated time,Arrival city,Airline,Flight number,Gate,Status,Distance,Price,,,,,,,,,,,,,
8:25 AM,8:51 AM,Albany,Southwest,1195,B5,DEPARTED,289,57.80,,,,,,,,,,,,,
10:55 AM,10:55 AM,Albany,Southwest,4123,B6,ON TIME,289,57.80,,,,,,,,,,,,,
2:40 PM,2:40 PM,Albany,Southwest,3054,B4,ON TIME,289,57.80,,,,,,,,,,,,,
5:05 PM,5:05 PM,Albany,Southwest,1329,B14,ON TIME,289,57.80,,,,,,,,,,,,,
9:30 AM,9:30 AM,Albuquerque,Southwest,6174,B12,BOARDING,1670,334.00,,,,,,,,,,,,,
3:45 PM,3:45 PM,Albuquerque,Southwest,3229,A14,ON TIME,1670,334.00,,,,,,,,,,,,,
7:55 AM,8:09 AM,Atlanta,Southwest,859,A15,DEPARTED,577,115.40,,,,,,,,,,,,,
8:15 AM,8:15 AM,Atlanta,Delta,1073,D24,DEPARTED,577,115.40,,,,,,,,,,,,,
10:30 AM,10:30 AM,Atlanta,Southwest,2998,C8,ON TIME,577,115.40,,,,,,,,,,,,,
12:07 PM,12:07 PM,Atlanta,Delta,920,D25,ON TIME,577,115.40,,,,,,,,,,,,,
1:05 PM,1:05 PM,Atlanta,Southwest,1476,B10,ON TIME,577,115.40,,,,,,,,,,,,,
1:59 PM,1:59 PM,Atlanta,Delta,2711,D26,ON TIME,577,115.40,,,,,,,,,,,,,
4:10 PM,4:10 PM,Atlanta,Southwest,1017,A15,ON TIME,577,115.40,,,,,,,,,,,,,
4:48 PM,4:48 PM,Atlanta,Delta,2799,D25,ON TIME,577,115.40,,,,,,,,,,,,,
5:55 PM,5:55 PM,Atlanta,Southwest,2392,B9,ON TIME,577,115.40,,,,,,,,,,,,,
6:11 PM,6:11 PM,Atlanta,Delta,2643,D26,ON TIME,577,115.40,,,,,,,,,,,,,
7:50 PM,7:50 PM,Atlanta,Delta,2670,D25,ON TIME,577,115.40,,,,,,,,,,,,,
8:00 PM,8:00 PM,Atlanta,Southwest,969,B12,ON TIME,577,115.40,,,,,,,,,,,,,
9:35 AM,9:47 AM,Austin,Southwest,878,A8,BOARDING,1342,268.40,,,,,,,,,,,,,
3:30 PM,3:30 PM,Austin,Southwest,1650,A11,ON TIME,1342,268.40,,,,,,,,,,,,,
7:40 PM,7:45 PM,Austin,Southwest,1223,B3,ON TIME,1342,268.40,,,,,,,,,,,,,
12:55 PM,12:55 PM,Birmingham,Southwest,3790,A14,ON TIME,682,136.40,,,,,,,,,,,,,
8:35 AM,8:49 AM,Boston,Southwest,2387,B10,DEPARTED,370,74.00,,,,,,,,,,,,,
9:08 AM,9:08 AM,Boston,JetBlue,526,D2,DEPARTED,370,74.00,,,,,,,,,,,,,
10:40 AM,10:40 AM,Boston,Delta,5632,D24,ON TIME,370,74.00,,,,,,,,,,,,,
10:50 AM,10:50 AM,Boston,Southwest,3380,B7,ON TIME,370,74.00,,,,,,,,,,,,,
12:15 PM,12:15 PM,Boston,Southwest,2048,A7,ON TIME,370,74.00,,,,,,,,,,,,,
1:20 PM,1:20 PM,Boston,Southwest,4067,B4,ON TIME,370,74.00,,,,,,,,,,,,,
3:00 PM,3:00 PM,Boston,Southwest,2364,C8,ON TIME,370,74.00,,,,,,,,,,,,,
3:35 PM,3:35 PM,Boston,Delta,5709,D23,ON TIME,370,74.00,,,,,,,,,,,,,
6:15 PM,6:15 PM,Boston,JetBlue,1026,D2,ON TIME,370,74.00,,,,,,,,,,,,,
6:50 PM,6:50 PM,Boston,Southwest,254,B12,ON TIME,370,74.00,,,,,,,,,,,,,
8:15 PM,8:15 PM,Boston,Southwest,3378,B14,ON TIME,370,74.00,,,,,,,,,,,,,
8:52 PM,8:52 PM,Boston,Delta,5648,D23,ON TIME,370,74.00,,,,,,,,,,,,,
8:45 AM,8:55 AM,Buffalo,Southwest,2064,B4,DEPARTED,281,56.20,,,,,,,,,,,,,
10:55 AM,10:55 AM,Buffalo,Southwest,2315,C9,ON TIME,281,56.20,,,,,,,,,,,,,
1:20 PM,1:20 PM,Buffalo,Southwest,2007,B13,ON TIME,281,56.20,,,,,,,,,,,,,
4:00 PM,4:00 PM,Buffalo,Southwest,2942,B10,ON TIME,281,56.20,,,,,,,,,,,,,
6:00 PM,6:00 PM,Buffalo,Southwest,2430,B6,ON TIME,281,56.20,,,,,,,,,,,,,
8:20 AM,8:20 AM,Cancun,Spirit Airlines,1925,D11,ON TIME,1389,277.80,,,,,,,,,,,,,
9:30 AM,9:30 AM,Cancun,Southwest,1619,B6,BOARDING,1389,277.80,,,,,,,,,,,,,
8:20 AM,8:36 AM,"Charleston,SC",Southwest,1170,B9,DEPARTED,472,94.40,,,,,,,,,,,,,
1:10 PM,1:10 PM,"Charleston,SC",Southwest,3578,C11,ON TIME,472,94.40,,,,,,,,,,,,,
7:20 PM,7:38 PM,"Charleston,SC",Southwest,2601,B9,ON TIME,472,94.40,,,,,,,,,,,,,
8:14 AM,8:15 AM,Charlotte,American,609,C7,DEPARTED,361,72.20,,,,,,,,,,,,,
9:20 AM,9:22 AM,Charlotte,Southwest,1305,C11,BOARDING,361,72.20,,,,,,,,,,,,,
9:45 AM,9:45 AM,Charlotte,American,2735,C7,ON TIME,361,72.20,,,,,,,,,,,,,
1:15 PM,1:15 PM,Charlotte,American,1223,C5,ON TIME,361,72.20,,,,,,,,,,,,,
1:20 PM,1:20 PM,Charlotte,Southwest,1572,A11,ON TIME,361,72.20,,,,,,,,,,,,,
3:54 PM,3:54 PM,Charlotte,American,1036,C7,ON TIME,361,72.20,,,,,,,,,,,,,
6:58 PM,6:58 PM,Charlotte,American,1378,C5,ON TIME,361,72.20,,,,,,,,,,,,,
7:20 PM,7:20 PM,Charlotte,Southwest,3458,C9,ON TIME,361,72.20,,,,,,,,,,,,,
8:15 AM,8:43 AM,Chicago-Midway,Southwest,2938,B3,DEPARTED,611,122.20,,,,,,,,,,,,,
12:30 PM,12:30 PM,Chicago-Midway,Southwest,865,B5,ON TIME,611,122.20,,,,,,,,,,,,,
3:20 PM,3:20 PM,Chicago-Midway,Southwest,3144,A9,ON TIME,611,122.20,,,,,,,,,,,,,
5:50 PM,5:50 PM,Chicago-Midway,Southwest,2127,A15,ON TIME,611,122.20,,,,,,,,,,,,,
7:15 PM,7:15 PM,Chicago-Midway,Southwest,3170,C12,ON TIME,611,122.20,,,,,,,,,,,,,
8:50 PM,8:50 PM,Chicago-Midway,Southwest,2786,A8,ON TIME,611,122.20,,,,,,,,,,,,,
7:49 AM,9:20 AM,Chicago-O'Hare,American,2750,C1,ON TIME,621,124.20,,,,,,,,,,,,,
8:45 AM,9:03 AM,Chicago-O'Hare,Southwest,1227,C13,DEPARTED,621,124.20,,,,,,,,,,,,,
10:58 AM,11:10 AM,Chicago-O'Hare,United,455,D13,ON TIME,621,124.20,,,,,,,,,,,,,
11:50 AM,11:50 AM,Chicago-O'Hare,American,3943,C3,ON TIME,621,124.20,,,,,,,,,,,,,
11:55 AM,11:55 AM,Chicago-O'Hare,Southwest,569,B4,ON TIME,621,124.20,,,,,,,,,,,,,
3:10 PM,3:10 PM,Chicago-O'Hare,Southwest,2619,A13,ON TIME,621,124.20,,,,,,,,,,,,,
5:48 PM,5:48 PM,Chicago-O'Hare,United,590,D15,ON TIME,621,124.20,,,,,,,,,,,,,
9:10 PM,9:10 PM,Chicago-O'Hare,Southwest,2801,A11,ON TIME,621,124.20,,,,,,,,,,,,,
10:50 AM,10:50 AM,Cincinnati,Southwest,392,A13,ON TIME,430,86.00,,,,,,,,,,,,,
4:30 PM,4:30 PM,Cincinnati,Southwest,1971,A9,ON TIME,430,86.00,,,,,,,,,,,,,
10:45 AM,10:45 AM,Cleveland,Southwest,500,B8,ON TIME,314,62.80,,,,,,,,,,,,,
5:40 PM,5:40 PM,Cleveland,Southwest,198,A16,ON TIME,314,62.80,,,,,,,,,,,,,
10:15 AM,10:15 AM,Columbus,Southwest,2543,B4,ON TIME,337,67.40,,,,,,,,,,,,,
1:50 PM,1:50 PM,Columbus,Southwest,130,C9,ON TIME,337,67.40,,,,,,,,,,,,,
6:50 PM,6:50 PM,Columbus,Southwest,2225,A14,ON TIME,337,67.40,,,,,,,,,,,,,
10:00 AM,10:00 AM,Dallas-Ft. Worth,Spirit Airlines,667,D8,ON TIME,1217,243.40,,,,,,,,,,,,,
3:34 PM,3:34 PM,Dallas-Ft. Worth,American,2314,C3,ON TIME,1217,243.40,,,,,,,,,,,,,
7:14 PM,7:14 PM,Dallas-Ft. Worth,American,1213,C3,ON TIME,1217,243.40,,,,,,,,,,,,,
9:40 AM,9:40 AM,Dallas-Love,Southwest,5236,B14,BOARDING,1209,241.80,,,,,,,,,,,,,
12:15 PM,12:15 PM,Dallas-Love,Southwest,943,B13,ON TIME,1209,241.80,,,,,,,,,,,,,
2:00 PM,2:00 PM,Dallas-Love,Southwest,6004,B5,ON TIME,1209,241.80,,,,,,,,,,,,,
5:00 PM,5:00 PM,Dallas-Love,Southwest,642,A14,ON TIME,1209,241.80,,,,,,,,,,,,,
7:15 PM,7:15 PM,Dallas-Love,Southwest,1003,A12,ON TIME,1209,241.80,,,,,,,,,,,,,
9:15 AM,9:15 AM,Denver,Southwest,2966,B13,BOARDING,1491,298.20,,,,,,,,,,,,,
10:14 AM,10:14 AM,Denver,United,2624,D16,ON TIME,1491,298.20,,,,,,,,,,,,,
2:15 PM,2:15 PM,Denver,Southwest,2379,B10,ON TIME,1491,298.20,,,,,,,,,,,,,
4:09 PM,4:09 PM,Denver,United,393,D13,ON TIME,1491,298.20,,,,,,,,,,,,,
4:40 PM,4:59 PM,Denver,Southwest,5401,B7,ON TIME,1491,298.20,,,,,,,,,,,,,
7:05 PM,7:05 PM,Denver,Southwest,1381,A7,ON TIME,1491,298.20,,,,,,,,,,,,,
7:59 PM,7:59 PM,Denver,United,2421,D15,ON TIME,1491,298.20,,,,,,,,,,,,,
10:45 AM,10:45 AM,Detroit,Southwest,626,B12,ON TIME,409,81.80,,,,,,,,,,,,,
12:30 PM,12:30 PM,Detroit,Delta,2965,D24,ON TIME,409,81.80,,,,,,,,,,,,,
5:40 PM,5:40 PM,Detroit,Delta,2480,D23,ON TIME,409,81.80,,,,,,,,,,,,,
8:05 AM,8:15 AM,Fort Lauderdale,Southwest,3423,A14,DEPARTED,925,185.00,,,,,,,,,,,,,
9:05 AM,9:17 AM,Fort Lauderdale,Southwest,1281,A9,ON TIME,925,185.00,,,,,,,,,,,,,
11:45 AM,11:45 AM,Fort Lauderdale,Southwest,1642,B9,ON TIME,925,185.00,,,,,,,,,,,,,
1:35 PM,1:41 PM,Fort Lauderdale,Southwest,148,B12,ON TIME,925,185.00,,,,,,,,,,,,,
2:35 PM,2:35 PM,Fort Lauderdale,Spirit Airlines,1928,D8,ON TIME,925,185.00,,,,,,,,,,,,,
4:00 PM,4:00 PM,Fort Lauderdale,Southwest,2999,A16,ON TIME,925,185.00,,,,,,,,,,,,,
4:48 PM,4:48 PM,Fort Lauderdale,Spirit Airlines,1896,D14,ON TIME,925,185.00,,,,,,,,,,,,,
6:10 PM,6:10 PM,Fort Lauderdale,Southwest,2642,B15,ON TIME,925,185.00,,,,,,,,,,,,,
7:45 PM,7:45 PM,Fort Lauderdale,Southwest,2800,C13,ON TIME,925,185.00,,,,,,,,,,,,,
10:15 AM,12:17 PM,Fort Myers,Southwest,3668,A10,ON TIME,919,183.80,,,,,,,,,,,,,
4:15 PM,4:15 PM,Fort Myers,Southwest,2607,A10,ON TIME,919,183.80,,,,,,,,,,,,,
7:25 PM,7:25 PM,Fort Myers,Southwest,3880,B8,ON TIME,919,183.80,,,,,,,,,,,,,
10:00 AM,10:02 AM,Ft Walton Beach,Southwest,2107,A7,ON TIME,819,163.80,,,,,,,,,,,,,
12:25 PM,12:25 PM,Grand Rapids,Southwest,3337,B2,ON TIME,528,105.60,,,,,,,,,,,,,
3:40 PM,3:40 PM,Greenville/Spart.,Southwest,3383,B12,ON TIME,426,85.20,,,,,,,,,,,,,
8:30 AM,8:39 AM,Hartford,Southwest,2484,A13,DEPARTED,283,56.60,,,,,,,,,,,,,
10:45 AM,10:45 AM,Hartford,Southwest,533,C10,ON TIME,283,56.60,,,,,,,,,,,,,
2:15 PM,2:15 PM,Hartford,Southwest,4077,B14,ON TIME,283,56.60,,,,,,,,,,,,,
5:15 PM,5:15 PM,Hartford,Southwest,3076,C9,ON TIME,283,56.60,,,,,,,,,,,,,
10:00 AM,10:00 AM,Houston-HOU,Southwest,1404,B5,ON TIME,1246,249.20,,,,,,,,,,,,,
2:10 PM,2:10 PM,Houston-HOU,Southwest,3540,A12,ON TIME,1246,249.20,,,,,,,,,,,,,
5:50 PM,5:52 PM,Houston-HOU,Southwest,5847,B4,ON TIME,1246,249.20,,,,,,,,,,,,,
8:45 PM,8:45 PM,Houston-HOU,Southwest,2513,B10,ON TIME,1246,249.20,,,,,,,,,,,,,
12:19 PM,12:19 PM,Houston-IAH,Spirit Airlines,1780,D14,ON TIME,1235,247.00,,,,,,,,,,,,,
3:07 PM,3:07 PM,Houston-IAH,United,1381,D15,ON TIME,1235,247.00,,,,,,,,,,,,,
1:35 PM,1:35 PM,Indianapolis,Southwest,1511,B15,ON TIME,516,103.20,,,,,,,,,,,,,
5:15 PM,5:15 PM,Indianapolis,Southwest,266,A12,ON TIME,516,103.20,,,,,,,,,,,,,
8:50 AM,9:00 AM,Islip,Southwest,335,A7,DEPARTED,220,44.00,,,,,,,,,,,,,
10:55 AM,10:55 AM,Islip,Southwest,1088,A14,ON TIME,220,44.00,,,,,,,,,,,,,
3:15 PM,3:15 PM,Islip,Southwest,2091,B15,ON TIME,220,44.00,,,,,,,,,,,,,
8:25 PM,8:25 PM,Islip,Southwest,424,A14,ON TIME,220,44.00,,,,,,,,,,,,,
4:30 PM,4:30 PM,"Jackson,MS",Southwest,2257,B2,ON TIME,888,177.60,,,,,,,,,,,,,
8:20 AM,8:44 AM,Jacksonville,Southwest,1547,C14,DEPARTED,663,132.60,,,,,,,,,,,,,
12:35 PM,12:35 PM,Jacksonville,Southwest,2829,B7,ON TIME,663,132.60,,,,,,,,,,,,,
4:15 PM,4:15 PM,Jacksonville,Southwest,2211,B9,ON TIME,663,132.60,,,,,,,,,,,,,
7:30 PM,7:30 PM,Jacksonville,Southwest,2631,B4,ON TIME,663,132.60,,,,,,,,,,,,,
9:40 AM,9:40 AM,Kansas City,Southwest,931,C14,BOARDING,967,193.40,,,,,,,,,,,,,
2:55 PM,2:55 PM,Kansas City,Southwest,1622,B6,ON TIME,967,193.40,,,,,,,,,,,,,
9:10 PM,9:10 PM,Kansas City,Southwest,2597,A15,ON TIME,967,193.40,,,,,,,,,,,,,
12:27 PM,12:27 PM,Las Vegas,Spirit Airlines,1179,D12,ON TIME,2106,421.20,,,,,,,,,,,,,
3:45 PM,3:45 PM,Las Vegas,Southwest,3976,C10,ON TIME,2106,421.20,,,,,,,,,,,,,
8:40 PM,8:40 PM,Las Vegas,Southwest,1132,B9,ON TIME,2106,421.20,,,,,,,,,,,,,
9:00 PM,9:00 PM,London-Heathrow,British Airways,228,E1,ON TIME,3634,726.80,,,,,,,,,,,,,
8:55 AM,8:54 AM,Los Angeles,United,251,D13,DEPARTED,2329,465.80,,,,,,,,,,,,,
9:59 AM,9:59 AM,Los Angeles,Spirit Airlines,2329,D10,ON TIME,2329,465.80,,,,,,,,,,,,,
2:50 PM,2:50 PM,Los Angeles,Southwest,1426,A10,ON TIME,2329,465.80,,,,,,,,,,,,,
7:28 PM,7:28 PM,Los Angeles,Spirit Airlines,141,,ON TIME,2329,465.80,,,,,,,,,,,,,
8:40 PM,8:40 PM,Los Angeles,Southwest,1164,B4,ON TIME,2329,465.80,,,,,,,,,,,,,
8:30 AM,8:35 AM,Louisville,Southwest,3396,A11,DEPARTED,495,99.00,,,,,,,,,,,,,
3:25 PM,3:25 PM,Louisville,Southwest,1073,A8,ON TIME,495,99.00,,,,,,,,,,,,,
7:30 PM,7:30 PM,Louisville,Southwest,1652,B15,ON TIME,495,99.00,,,,,,,,,,,,,
9:30 AM,9:30 AM,Macon,Contour Airlines,3102,C2,ON TIME,594,118.80,,,,,,,,,,,,,
5:15 PM,5:15 PM,Macon,Contour Airlines,3104,C2,ON TIME,594,118.80,,,,,,,,,,,,,
8:45 AM,9:17 AM,Manchester,Southwest,439,C9,ON TIME,377,75.40,,,,,,,,,,,,,
11:00 AM,11:00 AM,Manchester,Southwest,2758,A12,ON TIME,377,75.40,,,,,,,,,,,,,
3:45 PM,3:50 PM,Manchester,Southwest,2593,A7,ON TIME,377,75.40,,,,,,,,,,,,,
7:20 PM,7:20 PM,Manchester,Southwest,3437,A11,ON TIME,377,75.40,,,,,,,,,,,,,
5:00 PM,5:00 PM,Memphis,Southwest,2289,C8,ON TIME,787,157.40,,,,,,,,,,,,,
9:39 AM,9:39 AM,Miami,Frontier,2983,D4,ON TIME,946,189.20,,,,,,,,,,,,,
9:45 AM,9:45 AM,Miami,Southwest,490,B3,BOARDING,946,189.20,,,,,,,,,,,,,
2:00 PM,2:00 PM,Miami,Southwest,3699,A13,ON TIME,946,189.20,,,,,,,,,,,,,
5:57 PM,5:57 PM,Miami,Spirit Airlines,1831,E2,ON TIME,946,189.20,,,,,,,,,,,,,
6:00 PM,6:00 PM,Miami,Southwest,3018,A9,ON TIME,946,189.20,,,,,,,,,,,,,
9:10 AM,9:08 AM,Milwaukee,Southwest,294,A12,DEPARTED,641,128.20,,,,,,,,,,,,,
3:00 PM,3:00 PM,Milwaukee,Southwest,1759,B2,ON TIME,641,128.20,,,,,,,,,,,,,
6:30 PM,6:30 PM,Milwaukee,Southwest,300,B13,ON TIME,641,128.20,,,,,,,,,,,,,
8:15 AM,8:31 AM,Minneapolis,Southwest,3554,C12,DEPARTED,936,187.20,,,,,,,,,,,,,
11:35 AM,11:35 AM,Minneapolis,Delta,1402,D23,ON TIME,936,187.20,,,,,,,,,,,,,
11:55 AM,11:55 AM,Minneapolis,Sun Country,194,D5,ON TIME,936,187.20,,,,,,,,,,,,,
7:03 PM,7:03 PM,Minneapolis,Delta,1362,D23,ON TIME,936,187.20,,,,,,,,,,,,,
9:25 AM,9:25 AM,Montego Bay,Southwest,918,B8,BOARDING,1426,285.20,,,,,,,,,,,,,
11:10 AM,11:10 AM,Montego Bay,Southwest,906,A15,ON TIME,1426,285.20,,,,,,,,,,,,,
8:40 AM,8:54 AM,Myrtle Beach,Southwest,2258,C10,DEPARTED,399,79.80,,,,,,,,,,,,,
4:20 PM,4:20 PM,Myrtle Beach,Southwest,1314,B4,ON TIME,399,79.80,,,,,,,,,,,,,
8:10 PM,8:10 PM,Myrtle Beach,Southwest,561,B2,ON TIME,399,79.80,,,,,,,,,,,,,
8:15 AM,8:57 AM,Nashville,Southwest,157,B15,DEPARTED,587,117.40,,,,,,,,,,,,,
1:30 PM,1:30 PM,Nashville,Southwest,1733,B8,ON TIME,587,117.40,,,,,,,,,,,,,
3:30 PM,3:30 PM,Nashville,Southwest,6018,A12,ON TIME,587,117.40,,,,,,,,,,,,,
4:55 PM,4:55 PM,Nashville,Southwest,2294,A11,ON TIME,587,117.40,,,,,,,,,,,,,
7:05 PM,7:05 PM,Nashville,Southwest,2550,A16,ON TIME,587,117.40,,,,,,,,,,,,,
9:25 AM,9:37 AM,New Orleans,Southwest,454,A10,BOARDING,998,199.60,,,,,,,,,,,,,
4:15 PM,4:15 PM,New Orleans,Southwest,3197,B6,ON TIME,998,199.60,,,,,,,,,,,,,
8:50 PM,8:50 PM,New Orleans,Southwest,717,A13,ON TIME,998,199.60,,,,,,,,,,,,,
5:09 PM,5:09 PM,New York-JFK,Delta,5380,D24,ON TIME,184,36.80,,,,,,,,,,,,,
8:40 AM,8:59 AM,Norfolk,Southwest,2328,A8,DEPARTED,159,31.80,,,,,,,,,,,,,
11:15 AM,11:44 AM,Norfolk,Southwest,2405,A9,ON TIME,159,31.80,,,,,,,,,,,,,
2:20 PM,2:20 PM,Norfolk,Southwest,709,A14,ON TIME,159,31.80,,,,,,,,,,,,,
5:55 PM,5:55 PM,Norfolk,Southwest,485,B2,ON TIME,159,31.80,,,,,,,,,,,,,
2:05 PM,2:05 PM,Oakland,Southwest,1970,B7,ON TIME,2447,489.40,,,,,,,,,,,,,
7:15 AM,7:28 AM,Orlando,Southwest,933,B4,DEPARTED,787,157.40,,,,,,,,,,,,,
8:10 AM,8:21 AM,Orlando,Southwest,1422,C9,DEPARTED,787,157.40,,,,,,,,,,,,,
8:51 AM,8:51 AM,Orlando,Frontier,1245,D4,ON TIME,787,157.40,,,,,,,,,,,,,
10:10 AM,10:12 AM,Orlando,Southwest,1501,B13,ON TIME,787,157.40,,,,,,,,,,,,,
12:00 PM,12:15 PM,Orlando,Southwest,224,A11,ON TIME,787,157.40,,,,,,,,,,,,,
1:40 PM,1:40 PM,Orlando,Southwest,256,C10,ON TIME,787,157.40,,,,,,,,,,,,,
3:35 PM,3:35 PM,Orlando,Southwest,4108,B8,ON TIME,787,157.40,,,,,,,,,,,,,
4:00 PM,4:00 PM,Orlando,Spirit Airlines,2004,D10,ON TIME,787,157.40,,,,,,,,,,,,,
5:25 PM,5:25 PM,Orlando,Southwest,3219,B10,ON TIME,787,157.40,,,,,,,,,,,,,
6:45 PM,6:45 PM,Orlando,Southwest,3264,B14,ON TIME,787,157.40,,,,,,,,,,,,,
6:54 PM,6:54 PM,Orlando,Spirit Airlines,2077,D10,ON TIME,787,157.40,,,,,,,,,,,,,
7:35 PM,7:35 PM,Orlando,Southwest,2640,C8,ON TIME,787,157.40,,,,,,,,,,,,,
12:20 PM,12:35 PM,Phoenix,Southwest,840,B6,ON TIME,1999,399.80,,,,,,,,,,,,,
8:45 PM,8:45 PM,Phoenix,Southwest,2214,B15,ON TIME,1999,399.80,,,,,,,,,,,,,
3:45 PM,3:45 PM,Pittsburgh,Southwest,522,B5,ON TIME,210,42.00,,,,,,,,,,,,,
8:25 AM,8:43 AM,"Portland,ME",Southwest,389,C11,DEPARTED,452,90.40,,,,,,,,,,,,,
12:05 PM,12:05 PM,"Portland,ME",Southwest,1301,B15,ON TIME,452,90.40,,,,,,,,,,,,,
2:50 PM,2:50 PM,"Portland,ME",Southwest,2052,A15,ON TIME,452,90.40,,,,,,,,,,,,,
8:55 AM,9:23 AM,Providence,Southwest,3292,A14,BOARDING,328,65.60,,,,,,,,,,,,,
10:45 AM,10:57 AM,Providence,Southwest,3220,B14,ON TIME,328,65.60,,,,,,,,,,,,,
1:30 PM,1:30 PM,Providence,Southwest,2103,A15,ON TIME,328,65.60,,,,,,,,,,,,,
3:25 PM,3:25 PM,Providence,Southwest,2274,B7,ON TIME,328,65.60,,,,,,,,,,,,,
7:25 PM,7:25 PM,Providence,Southwest,3817,A13,ON TIME,328,65.60,,,,,,,,,,,,,
8:40 AM,9:11 AM,"Punta Cana, DR",Southwest,811,B7,DEPARTED,1504,300.80,,,,,,,,,,,,,
8:20 AM,8:37 AM,Raleigh/Durham,Southwest,2291,B2,DEPARTED,255,51.00,,,,,,,,,,,,,
9:45 AM,10:01 AM,Raleigh/Durham,Southwest,1362,B10,ON TIME,255,51.00,,,,,,,,,,,,,
12:20 PM,12:20 PM,Raleigh/Durham,Southwest,3068,B12,ON TIME,255,51.00,,,,,,,,,,,,,
1:35 PM,1:35 PM,Raleigh/Durham,Southwest,2087,B6,ON TIME,255,51.00,,,,,,,,,,,,,
5:20 PM,5:20 PM,Raleigh/Durham,Southwest,2840,B13,ON TIME,255,51.00,,,,,,,,,,,,,
7:35 PM,7:35 PM,Raleigh/Durham,Southwest,1473,C10,ON TIME,255,51.00,,,,,,,,,,,,,
6:50 PM,6:50 PM,Reykjavik,PLAY,102,E8,ON TIME,2784,556.80,,,,,,,,,,,,,
8:35 PM,8:35 PM,Reykjavik,Icelandair,642,E4,ON TIME,2784,556.80,,,,,,,,,,,,,
9:30 AM,9:30 AM,"Rochester,NY",Southwest,725,B2,BOARDING,277,55.40,,,,,,,,,,,,,
1:50 PM,1:50 PM,"Rochester,NY",Southwest,1139,B2,ON TIME,277,55.40,,,,,,,,,,,,,
5:35 PM,5:35 PM,"Rochester,NY",Southwest,3109,B12,ON TIME,277,55.40,,,,,,,,,,,,,
7:20 AM,7:20 AM,Salt Lake City,Delta,1176,D23,DEPARTED,1865,373.00,,,,,,,,,,,,,
11:15 AM,11:15 AM,Salt Lake City,Southwest,1564,B10,ON TIME,1865,373.00,,,,,,,,,,,,,
8:30 AM,8:46 AM,San Antonio,Southwest,1780,B14,DEPARTED,1407,281.40,,,,,,,,,,,,,
12:20 PM,12:20 PM,San Antonio,Spirit Airlines,2003,D10,ON TIME,1407,281.40,,,,,,,,,,,,,
4:30 PM,4:30 PM,San Antonio,Southwest,1841,A13,ON TIME,1407,281.40,,,,,,,,,,,,,
8:10 PM,8:10 PM,San Antonio,Southwest,2676,B13,ON TIME,1407,281.40,,,,,,,,,,,,,
1:05 PM,1:05 PM,San Diego,Southwest,1322,B9,ON TIME,2295,459.00,,,,,,,,,,,,,
6:52 PM,6:52 PM,San Francisco,United,548,D13,ON TIME,2457,491.40,,,,,,,,,,,,,
8:25 AM,9:16 AM,San Juan,Southwest,1450,C8,DEPARTED,1565,313.00,,,,,,,,,,,,,
8:25 AM,8:41 AM,Sarasota,Southwest,2849,A10,DEPARTED,880,176.00,,,,,,,,,,,,,
12:25 PM,12:25 PM,Sarasota,Southwest,1274,A8,ON TIME,880,176.00,,,,,,,,,,,,,
2:30 PM,2:30 PM,Sarasota,Southwest,374,B9,ON TIME,880,176.00,,,,,,,,,,,,,
7:35 PM,7:35 PM,Sarasota,Southwest,2362,B10,ON TIME,880,176.00,,,,,,,,,,,,,
8:55 AM,9:05 AM,Savannah,Southwest,103,A15,DEPARTED,549,109.80,,,,,,,,,,,,,
7:45 PM,7:45 PM,Savannah,Southwest,3751,A15,ON TIME,549,109.80,,,,,,,,,,,,,
6:55 PM,6:55 PM,Seattle,Alaska,379,D20,,2335,467.00,,,,,,,,,,,,,
7:00 AM,8:20 AM,St. Louis,Southwest,1518,A9,DEPARTED,738,147.60,,,,,,,,,,,,,
12:35 PM,12:42 PM,St. Louis,Southwest,1515,A13,ON TIME,738,147.60,,,,,,,,,,,,,
4:45 PM,4:45 PM,St. Louis,Southwest,2082,B15,ON TIME,738,147.60,,,,,,,,,,,,,
10:50 AM,10:50 AM,Syracuse,Southwest,550,B2,ON TIME,273,54.60,,,,,,,,,,,,,
3:25 PM,3:25 PM,Syracuse,Southwest,2723,C9,ON TIME,273,54.60,,,,,,,,,,,,,
7:25 AM,7:46 AM,Tampa,Southwest,1978,C8,DEPARTED,842,168.40,,,,,,,,,,,,,
9:25 AM,9:28 AM,Tampa,Southwest,1310,C12,BOARDING,842,168.40,,,,,,,,,,,,,
12:35 PM,12:35 PM,Tampa,Southwest,3454,A12,ON TIME,842,168.40,,,,,,,,,,,,,
2:20 PM,2:20 PM,Tampa,Southwest,1982,C12,ON TIME,842,168.40,,,,,,,,,,,,,
6:10 PM,6:10 PM,Tampa,Southwest,3680,B7,ON TIME,842,168.40,,,,,,,,,,,,,
7:35 PM,7:35 PM,Tampa,Southwest,2355,B6,ON TIME,842,168.40,,,,,,,,,,,,,
10:35 AM,10:35 AM,Toronto,Air Canada,8681,D7,ON TIME,347,69.40,,,,,,,,,,,,,
6:05 PM,6:05 PM,Toronto,Air Canada,8683,D7,ON TIME,347,69.40,,,,,,,,,,,,,
9:20 AM,9:22 AM,West Palm Beach,Southwest,3149,B9,BOARDING,883,176.60,,,,,,,,,,,,,
12:35 PM,12:35 PM,West Palm Beach,Southwest,1919,B14,ON TIME,883,176.60,,,,,,,,,,,,,
3:05 PM,3:05 PM,West Palm Beach,Southwest,1778,B13,ON TIME,883,176.60,,,,,,,,,,,,,
7:25 PM,7:25 PM,West Palm Beach,Southwest,1438,A9,ON TIME,883,176.60,,,,,,,,,,,,,